worker_name,team_name,job_title,updated_at
홍대표,PI팀,,2026-09-01T07:59:26.958695+00:00
박창수,기술 2팀,수석,2026-09-01T07:59:26.958695+00:00
서원재,기술 2팀,수석,2026-09-01T07:59:26.958695+00:00
양성민,기술 2팀,수석,2026-09-01T07:59:26.958695+00:00
이준섭,기술 2팀,대리,2026-09-01T07:59:26.958695+00:00
정혜성,기술 2팀,대리,2026-09-01T07:59:26.958695+00:00
하태준,기술 2팀,대리,2026-09-01T07:59:26.958695+00:00
송기정,기술 2팀,사원,2026-09-01T07:59:26.958695+00:00
정어진,기술 2팀,사원,2026-09-01T07:59:26.958695+00:00
황순길,기술 3팀,수석,2026-09-01T07:59:26.958695+00:00
강길성,기술 3팀,수석,2026-09-01T07:59:26.958695+00:00
김선명,기술 3팀,수석,2026-09-01T07:59:26.958695+00:00
황경선,기술 3팀,과장,2026-09-01T07:59:26.958695+00:00
이원재,기술 3팀,대리,2026-09-01T07:59:26.958695+00:00
최지성,기술 3팀,대리,2026-09-01T07:59:26.958695+00:00
강성민,기술 3팀,사원,2026-09-01T07:59:26.958695+00:00
문영민,기술 1팀,수석,2026-09-01T07:59:26.958695+00:00
김형일,기술 1팀,수석,2026-09-01T07:59:26.958695+00:00
김경현,기술 1팀,수석,2026-09-01T07:59:26.958695+00:00
홍정표,기술 1팀,과장,2026-09-01T07:59:26.958695+00:00
전종필,기술 1팀,대리,2026-09-01T07:59:26.958695+00:00
김시우,기술 1팀,사원,2026-09-01T07:59:26.958695+00:00
양금희,기술 1팀,사원,2026-09-01T07:59:26.958695+00:00
이동우,기술 1팀,수석,2026-09-01T07:59:26.958695+00:00
최용필,PI팀,수석,2026-09-01T07:59:26.958695+00:00
강종오,PI팀,수석,2026-09-01T07:59:26.958695+00:00
김수환,PI팀,수석,2026-09-01T07:59:26.958695+00:00
전경송,PI팀,수석,2026-09-01T07:59:26.958695+00:00
차지웅,PI팀,수석,2026-09-01T07:59:26.958695+00:00
김성중,PI팀,과장,2026-09-01T07:59:26.958695+00:00
전영우,PI팀,과장,2026-09-01T07:59:26.958695+00:00
김상욱,PI팀,대리,2026-09-01T07:59:26.958695+00:00
이명노,상상인,,2026-09-01T07:59:26.958695+00:00
이명진,기술본부,수석,2026-09-01T07:59:26.958695+00:00
김태현,기술본부,사원,2026-09-02T07:39:02.32696+00:00
신은현,기술본부,사원,2026-09-02T07:39:13.218529+00:00
하종진,기술본부,사원,2026-09-02T07:39:25.260688+00:00
이건주,기술본부,사원,2026-09-02T07:40:05.490309+00:00
최현섭,기술본부,사원,2026-09-01T07:59:26.958695+00:00
SYS_STATUS_COLLECTOR,LOGIN_REQUIRED_OR_WINDOW_CLOSE,2026-09-08 20:59|'[기술본부] 업무공유방' 대화방 창이 PC 화면에 열려있지,2026-09-07T02:04:15.006056+00:00
