id,entry_id,worker_name,worker_team,subject,schedule_type,start_time,end_time,duration_hours,is_all_day,is_leave,leave_type,location,body,color_tag,created_by,synced_at
207,00000000B6D35C22EFD9ED4B9245496A714668C007005778400D41E2164AB97DF145A0103E0800000000010D00005778400D41E2164AB97DF145A0103E0800009A24D83B0000_2026-09-04,김경현,기술 1팀,[김경현] 고영테크 멕시코 무선 구축 지원,작업,2026-09-04T08:00:00,2026-09-04T08:30:00,0.5,False,False,,,,#f43f5e,김경현 수석,2026-09-08T20:58:27
208,00000000B6D35C22EFD9ED4B9245496A714668C007005778400D41E2164AB97DF145A0103E0800000000010D00005778400D41E2164AB97DF145A0103E0800009E6DE6720000_2026-09-08,김경현,기술 1팀,[김경현] iM뱅크 업무지원,작업,2026-09-08T09:00:00,2026-09-08T18:00:00,9.0,True,False,,,,#f43f5e,김경현 수석,2026-09-08T20:58:27
211,00000000B6D35C22EFD9ED4B9245496A714668C007005778400D41E2164AB97DF145A0103E0800000000010D00005778400D41E2164AB97DF145A0103E0800009E6DE6710000_2026-09-16,김경현,기술 1팀,[김경현] 하나카드 고객사 신입기본교육,교육,2026-09-16T09:00:00,2026-09-16T18:00:00,9.0,True,False,,,,#f43f5e,김경현 수석,2026-09-08T20:58:27
212,000000005609BA61C8589946B4ED29DF554CD4C00700DC7B7477EC3B3840ABB120E7FCC8A5F700000000010D0000DC7B7477EC3B3840ABB120E7FCC8A5F700026CC25FC80000_2026-09-02,문영민,기술 1팀,[문영민] 기술본부 1팀 기술 미팅 - 문영민수석,회의,2026-09-02T14:30:00,2026-09-02T16:30:00,2.0,False,False,,Microsoft Teams 모임; Golf,,#84cc16,문영민 수석,2026-09-08T20:58:27
213,000000005609BA61C8589946B4ED29DF554CD4C00700DC7B7477EC3B3840ABB120E7FCC8A5F700000000010D0000DC7B7477EC3B3840ABB120E7FCC8A5F700026CC25FCB0000_2026-09-04,문영민,기술 1팀,[문영민] 기술본부 팀별 회의 - 문영민 수석,회의,2026-09-04T13:00:00,2026-09-04T15:00:00,2.0,False,False,,Microsoft Teams 모임; Sprint,,#84cc16,문영민 수석,2026-09-08T20:58:27
214,000000005609BA61C8589946B4ED29DF554CD4C00700DC7B7477EC3B3840ABB120E7FCC8A5F700000000010D0000DC7B7477EC3B3840ABB120E7FCC8A5F700027164F7770000_2026-09-07,문영민,기술 1팀,[문영민] 기술본부1팀 문영민 수석 - 업무회의,회의,2026-09-07T16:00:00,2026-09-07T17:00:00,1.0,False,False,,Microsoft Teams 모임,,#84cc16,문영민 수석,2026-09-08T20:58:27
215,000000005609BA61C8589946B4ED29DF554CD4C00700DC7B7477EC3B3840ABB120E7FCC8A5F700000000010D0000DC7B7477EC3B3840ABB120E7FCC8A5F700026CC25FCC0000_2026-09-09,문영민,기술 1팀,[문영민] 아리스타 웹엑스,작업,2026-09-09T10:00:00,2026-09-09T12:00:00,2.0,False,False,,,,#84cc16,문영민 수석,2026-09-08T20:58:27
216,000000005609BA61C8589946B4ED29DF554CD4C00700DC7B7477EC3B3840ABB120E7FCC8A5F700000000010D0000DC7B7477EC3B3840ABB120E7FCC8A5F700026CC25FC90000_2026-09-09,문영민,기술 1팀,[문영민] 올릭스 ISP 이중화 회선 작업,작업,2026-09-09T16:00:00,2026-09-09T21:00:00,5.0,False,False,,,,#84cc16,문영민 수석,2026-09-08T20:58:27
218,000000005609BA61C8589946B4ED29DF554CD4C00700DC7B7477EC3B3840ABB120E7FCC8A5F700000000010D0000DC7B7477EC3B3840ABB120E7FCC8A5F700026CC25FCE0000_2026-09-10,문영민,기술 1팀,[문영민] BGF리테일 모니터링,작업,2026-09-10T09:00:00,2026-09-10T22:00:00,13.0,False,False,,,,#84cc16,문영민 수석,2026-09-08T20:58:27
12602,000000005609BA61C8589946B4ED29DF554CD4C00700DC7B7477EC3B3840ABB120E7FCC8A5F700000000010D0000DC7B7477EC3B3840ABB120E7FCC8A5F70002730355CC0000_2026-09-14,문영민,기술 1팀,[문영민] 동양생명금융서비스 신규 담당자 인사,작업,2026-09-14T08:00:00,2026-09-14T08:30:00,0.5,False,False,,,,#84cc16,문영민 수석,2026-09-08T20:58:27
381,00000000B29B68A596B7094192C13F175F3657BE07004C0463598D4D7642B65554A09F79F6F300000000010D00004C0463598D4D7642B65554A09F79F6F300030F88767B0000_2026-09-23,이동우,기술 1팀,[이동우] IM뱅크 통신사 사용자 고도화 구축 프로젝트,작업,2026-09-23T09:00:00,2026-09-23T18:00:00,9.0,False,False,,,,#f97316,이동우 수석,2026-09-08T20:58:28
370,00000000B29B68A596B7094192C13F175F3657BE07004C0463598D4D7642B65554A09F79F6F300000000010D00004C0463598D4D7642B65554A09F79F6F300030F88767B0000_2026-09-08,이동우,기술 1팀,[이동우] IM뱅크 통신사 사용자 고도화 구축 프로젝트,작업,2026-09-08T09:00:00,2026-09-08T18:00:00,9.0,False,False,,,,#f97316,이동우 수석,2026-09-08T20:58:28
371,00000000B29B68A596B7094192C13F175F3657BE07004C0463598D4D7642B65554A09F79F6F300000000010D00004C0463598D4D7642B65554A09F79F6F300030F88767B0000_2026-09-09,이동우,기술 1팀,[이동우] IM뱅크 통신사 사용자 고도화 구축 프로젝트,작업,2026-09-09T09:00:00,2026-09-09T18:00:00,9.0,False,False,,,,#f97316,이동우 수석,2026-09-08T20:58:28
372,00000000B29B68A596B7094192C13F175F3657BE07004C0463598D4D7642B65554A09F79F6F300000000010D00004C0463598D4D7642B65554A09F79F6F300030F88767B0000_2026-09-10,이동우,기술 1팀,[이동우] IM뱅크 통신사 사용자 고도화 구축 프로젝트,작업,2026-09-10T09:00:00,2026-09-10T18:00:00,9.0,False,False,,,,#f97316,이동우 수석,2026-09-08T20:58:28
373,00000000B29B68A596B7094192C13F175F3657BE07004C0463598D4D7642B65554A09F79F6F300000000010D00004C0463598D4D7642B65554A09F79F6F300030F88767B0000_2026-09-11,이동우,기술 1팀,[이동우] IM뱅크 통신사 사용자 고도화 구축 프로젝트,작업,2026-09-11T09:00:00,2026-09-11T18:00:00,9.0,False,False,,,,#f97316,이동우 수석,2026-09-08T20:58:28
374,00000000B29B68A596B7094192C13F175F3657BE07004C0463598D4D7642B65554A09F79F6F300000000010D00004C0463598D4D7642B65554A09F79F6F300030F88767B0000_2026-09-14,이동우,기술 1팀,[이동우] IM뱅크 통신사 사용자 고도화 구축 프로젝트,작업,2026-09-14T09:00:00,2026-09-14T18:00:00,9.0,False,False,,,,#f97316,이동우 수석,2026-09-08T20:58:28
375,00000000B29B68A596B7094192C13F175F3657BE07004C0463598D4D7642B65554A09F79F6F300000000010D00004C0463598D4D7642B65554A09F79F6F300030F88767B0000_2026-09-15,이동우,기술 1팀,[이동우] IM뱅크 통신사 사용자 고도화 구축 프로젝트,작업,2026-09-15T09:00:00,2026-09-15T18:00:00,9.0,False,False,,,,#f97316,이동우 수석,2026-09-08T20:58:28
376,00000000B29B68A596B7094192C13F175F3657BE07004C0463598D4D7642B65554A09F79F6F300000000010D00004C0463598D4D7642B65554A09F79F6F300030F88767B0000_2026-09-16,이동우,기술 1팀,[이동우] IM뱅크 통신사 사용자 고도화 구축 프로젝트,작업,2026-09-16T09:00:00,2026-09-16T18:00:00,9.0,False,False,,,,#f97316,이동우 수석,2026-09-08T20:58:28
377,00000000B29B68A596B7094192C13F175F3657BE07004C0463598D4D7642B65554A09F79F6F300000000010D00004C0463598D4D7642B65554A09F79F6F300030F88767B0000_2026-09-17,이동우,기술 1팀,[이동우] IM뱅크 통신사 사용자 고도화 구축 프로젝트,작업,2026-09-17T09:00:00,2026-09-17T18:00:00,9.0,False,False,,,,#f97316,이동우 수석,2026-09-08T20:58:28
378,00000000B29B68A596B7094192C13F175F3657BE07004C0463598D4D7642B65554A09F79F6F300000000010D00004C0463598D4D7642B65554A09F79F6F300030F88767B0000_2026-09-18,이동우,기술 1팀,[이동우] IM뱅크 통신사 사용자 고도화 구축 프로젝트,작업,2026-09-18T09:00:00,2026-09-18T18:00:00,9.0,False,False,,,,#f97316,이동우 수석,2026-09-08T20:58:28
223,00000000B29B68A596B7094192C13F175F3657BE07004C0463598D4D7642B65554A09F79F6F300000000010D00004C0463598D4D7642B65554A09F79F6F300030F88767B0000_2026-06-22,이동우,기술 1팀,[이동우] IM뱅크 통신사 사용자 고도화 구축 프로젝트,작업,2026-06-22T09:00:00,2026-06-22T18:00:00,9.0,False,False,,,,#f97316,이동우 수석,2026-09-07T20:12:34
392,00000000B29B68A596B7094192C13F175F3657BE07004C0463598D4D7642B65554A09F79F6F300000000010D00004C0463598D4D7642B65554A09F79F6F300030F88767B0000_2026-10-08,이동우,기술 1팀,[이동우] IM뱅크 통신사 사용자 고도화 구축 프로젝트,작업,2026-10-08T09:00:00,2026-10-08T18:00:00,9.0,False,False,,,,#f97316,이동우 수석,2026-09-08T20:58:28
8630,0000000046AE3B8CF217BB48AB1787D164113233070084E2EBEF47001445A84C32416021E1CA00000000010D000084E2EBEF47001445A84C32416021E1CA00025688A97B0000_2026-09-02,홍정표,기술 1팀,[홍정표] 수협 상주지원,작업,2026-09-02T09:00:00,2026-09-02T18:00:00,9.0,True,False,,,,#14b8a6,홍정표 과장,2026-09-08T20:58:29
383,00000000B29B68A596B7094192C13F175F3657BE07004C0463598D4D7642B65554A09F79F6F300000000010D00004C0463598D4D7642B65554A09F79F6F300030F88767B0000_2026-09-25,이동우,기술 1팀,[이동우] IM뱅크 통신사 사용자 고도화 구축 프로젝트,작업,2026-09-25T09:00:00,2026-09-25T18:00:00,9.0,False,False,,,,#f97316,이동우 수석,2026-09-08T20:58:28
384,00000000B29B68A596B7094192C13F175F3657BE07004C0463598D4D7642B65554A09F79F6F300000000010D00004C0463598D4D7642B65554A09F79F6F300030F88767B0000_2026-09-28,이동우,기술 1팀,[이동우] IM뱅크 통신사 사용자 고도화 구축 프로젝트,작업,2026-09-28T09:00:00,2026-09-28T18:00:00,9.0,False,False,,,,#f97316,이동우 수석,2026-09-08T20:58:28
385,00000000B29B68A596B7094192C13F175F3657BE07004C0463598D4D7642B65554A09F79F6F300000000010D00004C0463598D4D7642B65554A09F79F6F300030F88767B0000_2026-09-29,이동우,기술 1팀,[이동우] IM뱅크 통신사 사용자 고도화 구축 프로젝트,작업,2026-09-29T09:00:00,2026-09-29T18:00:00,9.0,False,False,,,,#f97316,이동우 수석,2026-09-08T20:58:28
386,00000000B29B68A596B7094192C13F175F3657BE07004C0463598D4D7642B65554A09F79F6F300000000010D00004C0463598D4D7642B65554A09F79F6F300030F88767B0000_2026-09-30,이동우,기술 1팀,[이동우] IM뱅크 통신사 사용자 고도화 구축 프로젝트,작업,2026-09-30T09:00:00,2026-09-30T18:00:00,9.0,False,False,,,,#f97316,이동우 수석,2026-09-08T20:58:28
387,00000000B29B68A596B7094192C13F175F3657BE07004C0463598D4D7642B65554A09F79F6F300000000010D00004C0463598D4D7642B65554A09F79F6F300030F88767B0000_2026-10-01,이동우,기술 1팀,[이동우] IM뱅크 통신사 사용자 고도화 구축 프로젝트,작업,2026-10-01T09:00:00,2026-10-01T18:00:00,9.0,False,False,,,,#f97316,이동우 수석,2026-09-08T20:58:28
395,00000000B29B68A596B7094192C13F175F3657BE07004C0463598D4D7642B65554A09F79F6F300000000010D00004C0463598D4D7642B65554A09F79F6F300030F88767B0000_2026-10-13,이동우,기술 1팀,[이동우] IM뱅크 통신사 사용자 고도화 구축 프로젝트,작업,2026-10-13T09:00:00,2026-10-13T18:00:00,9.0,False,False,,,,#f97316,이동우 수석,2026-09-08T20:58:28
396,00000000B29B68A596B7094192C13F175F3657BE07004C0463598D4D7642B65554A09F79F6F300000000010D00004C0463598D4D7642B65554A09F79F6F300030F88767B0000_2026-10-14,이동우,기술 1팀,[이동우] IM뱅크 통신사 사용자 고도화 구축 프로젝트,작업,2026-10-14T09:00:00,2026-10-14T18:00:00,9.0,False,False,,,,#f97316,이동우 수석,2026-09-08T20:58:28
397,00000000B29B68A596B7094192C13F175F3657BE07004C0463598D4D7642B65554A09F79F6F300000000010D00004C0463598D4D7642B65554A09F79F6F300030F88767B0000_2026-10-15,이동우,기술 1팀,[이동우] IM뱅크 통신사 사용자 고도화 구축 프로젝트,작업,2026-10-15T09:00:00,2026-10-15T18:00:00,9.0,False,False,,,,#f97316,이동우 수석,2026-09-08T20:58:28
398,00000000B29B68A596B7094192C13F175F3657BE07004C0463598D4D7642B65554A09F79F6F300000000010D00004C0463598D4D7642B65554A09F79F6F300030F88767B0000_2026-10-16,이동우,기술 1팀,[이동우] IM뱅크 통신사 사용자 고도화 구축 프로젝트,작업,2026-10-16T09:00:00,2026-10-16T18:00:00,9.0,False,False,,,,#f97316,이동우 수석,2026-09-08T20:58:28
399,00000000B29B68A596B7094192C13F175F3657BE07004C0463598D4D7642B65554A09F79F6F300000000010D00004C0463598D4D7642B65554A09F79F6F300030F88767B0000_2026-10-19,이동우,기술 1팀,[이동우] IM뱅크 통신사 사용자 고도화 구축 프로젝트,작업,2026-10-19T09:00:00,2026-10-19T18:00:00,9.0,False,False,,,,#f97316,이동우 수석,2026-09-08T20:58:28
427,00000000B29B68A596B7094192C13F175F3657BE07004C0463598D4D7642B65554A09F79F6F300000000010D00004C0463598D4D7642B65554A09F79F6F300030F88767B0000_2026-11-26,이동우,기술 1팀,[이동우] IM뱅크 통신사 사용자 고도화 구축 프로젝트,작업,2026-11-26T09:00:00,2026-11-26T18:00:00,9.0,False,False,,,,#f97316,이동우 수석,2026-09-08T20:58:29
15038,0000000046AE3B8CF217BB48AB1787D164113233070084E2EBEF47001445A84C32416021E1CA00000000010D000084E2EBEF47001445A84C32416021E1CA0002537DE8CE0000_2026-09-04,홍정표,기술 1팀,[홍정표] 금호석유 L2노후화 교체 (울산),작업,2026-09-04T09:00:00,2026-09-04T18:00:00,9.0,False,False,,,,#14b8a6,홍정표 과장,2026-09-08T20:12:38.293884
15040,0000000046AE3B8CF217BB48AB1787D164113233070084E2EBEF47001445A84C32416021E1CA00000000010D000084E2EBEF47001445A84C32416021E1CA00025C7AC47D0000_2026-09-08,홍정표,기술 1팀,[홍정표] 수협은행 상주대체 근무,작업,2026-09-08T09:00:00,2026-09-08T18:00:00,9.0,False,False,,,,#14b8a6,홍정표 과장,2026-09-08T20:12:38.293884
15041,0000000046AE3B8CF217BB48AB1787D164113233070084E2EBEF47001445A84C32416021E1CA00000000010D000084E2EBEF47001445A84C32416021E1CA00025C7AC47D0000_2026-09-09,홍정표,기술 1팀,[홍정표] 수협은행 상주대체 근무,작업,2026-09-09T09:00:00,2026-09-09T18:00:00,9.0,False,False,,,,#14b8a6,홍정표 과장,2026-09-08T20:12:38.293884
15042,0000000046AE3B8CF217BB48AB1787D164113233070084E2EBEF47001445A84C32416021E1CA00000000010D000084E2EBEF47001445A84C32416021E1CA00025C7AC47D0000_2026-09-10,홍정표,기술 1팀,[홍정표] 수협은행 상주대체 근무,작업,2026-09-10T09:00:00,2026-09-10T18:00:00,9.0,False,False,,,,#14b8a6,홍정표 과장,2026-09-08T20:12:38.293884
15044,00000000184D60F922F5DB4485921AAEA0E04269070043E7E00F94E41B4BB73B4C4B4C6E4BE400000000010D000043E7E00F94E41B4BB73B4C4B4C6E4BE4000089690FDE0000_2026-10-20,김시우,기술 1팀,[김시우] 연차 사용 예정,휴가,2026-10-20T09:00:00,2026-10-20T18:00:00,9.0,False,True,연차,,,#ec4899,김시우 사원,2026-09-08T20:12:38.293884
15046,00000000184D60F922F5DB4485921AAEA0E04269070043E7E00F94E41B4BB73B4C4B4C6E4BE400000000010D000043E7E00F94E41B4BB73B4C4B4C6E4BE400004CE4B1720000_2026-09-09,김시우,기술 1팀,[김시우] 전파진흥협회 교육 - 실무자를 위한 네트워크 트러블슈팅 실습 중급 과정,교육,2026-09-09T09:00:00,2026-09-09T18:00:00,9.0,False,False,,,,#ec4899,김시우 사원,2026-09-08T20:12:38.293884
15047,00000000184D60F922F5DB4485921AAEA0E04269070043E7E00F94E41B4BB73B4C4B4C6E4BE400000000010D000043E7E00F94E41B4BB73B4C4B4C6E4BE400004CE4B1720000_2026-09-10,김시우,기술 1팀,[김시우] 전파진흥협회 교육 - 실무자를 위한 네트워크 트러블슈팅 실습 중급 과정,교육,2026-09-10T09:00:00,2026-09-10T18:00:00,9.0,False,False,,,,#ec4899,김시우 사원,2026-09-08T20:12:38.293884
15048,00000000184D60F922F5DB4485921AAEA0E04269070043E7E00F94E41B4BB73B4C4B4C6E4BE400000000010D000043E7E00F94E41B4BB73B4C4B4C6E4BE400004CE4B1720000_2026-09-11,김시우,기술 1팀,[김시우] 전파진흥협회 교육 - 실무자를 위한 네트워크 트러블슈팅 실습 중급 과정,교육,2026-09-11T09:00:00,2026-09-11T18:00:00,9.0,False,False,,,,#ec4899,김시우 사원,2026-09-08T20:12:38.293884
173,00000000B6D35C22EFD9ED4B9245496A714668C007005778400D41E2164AB97DF145A0103E0800000000010D00005778400D41E2164AB97DF145A0103E0800009E6DE6720000_2026-09-09,김경현,기술 1팀,[김경현] iM뱅크 업무지원,작업,2026-09-09T09:00:00,2026-09-09T18:00:00,9.0,True,False,,,,#f43f5e,김경현 수석,2026-09-08T20:58:27
174,00000000B6D35C22EFD9ED4B9245496A714668C007005778400D41E2164AB97DF145A0103E0800000000010D00005778400D41E2164AB97DF145A0103E0800009E6DE6720000_2026-09-10,김경현,기술 1팀,[김경현] iM뱅크 업무지원,작업,2026-09-10T09:00:00,2026-09-10T18:00:00,9.0,True,False,,,,#f43f5e,김경현 수석,2026-09-08T20:58:27
405,00000000B29B68A596B7094192C13F175F3657BE07004C0463598D4D7642B65554A09F79F6F300000000010D00004C0463598D4D7642B65554A09F79F6F300030F88767B0000_2026-10-27,이동우,기술 1팀,[이동우] IM뱅크 통신사 사용자 고도화 구축 프로젝트,작업,2026-10-27T09:00:00,2026-10-27T18:00:00,9.0,False,False,,,,#f97316,이동우 수석,2026-09-08T20:58:28
411,00000000B29B68A596B7094192C13F175F3657BE07004C0463598D4D7642B65554A09F79F6F300000000010D00004C0463598D4D7642B65554A09F79F6F300030F88767B0000_2026-11-04,이동우,기술 1팀,[이동우] IM뱅크 통신사 사용자 고도화 구축 프로젝트,작업,2026-11-04T09:00:00,2026-11-04T18:00:00,9.0,False,False,,,,#f97316,이동우 수석,2026-09-08T20:58:28
217,000000005609BA61C8589946B4ED29DF554CD4C00700DC7B7477EC3B3840ABB120E7FCC8A5F700000000010D0000DC7B7477EC3B3840ABB120E7FCC8A5F700026CC25FC70000_2026-09-10,문영민,기술 1팀,[문영민] Defending the Keys to the Kingdom: Resilient Infrastructure vs. AI-Capable Adversaries,작업,2026-09-10T02:00:00,2026-09-10T03:00:00,1.0,False,False,,https://arista.zoom.us/w/95353410297?tk=Vm02e3yfC2mo4BqV0lQifwciFTXDucC9iLxVjcxwUFs.DQkAAAAWM4GS-RZSYnR1QlhtQVN1YUpKanZtZTJhdXVnAAAAAAAAAAAAAAAAAAAAAAAAAAAAAAAAAAAAAAAAAAA&uuid=WN_5VSA82zeQaWufTFzs1K59A,,#84cc16,문영민 수석,2026-09-08T20:58:27
219,000000005609BA61C8589946B4ED29DF554CD4C00700DC7B7477EC3B3840ABB120E7FCC8A5F700000000010D0000DC7B7477EC3B3840ABB120E7FCC8A5F700026CC25FCD0000_2026-09-15,문영민,기술 1팀,[문영민] 금호석유화학 작업,작업,2026-09-15T10:00:00,2026-09-15T22:00:00,12.0,False,False,,,,#84cc16,문영민 수석,2026-09-08T20:58:28
220,000000005609BA61C8589946B4ED29DF554CD4C00700DC7B7477EC3B3840ABB120E7FCC8A5F700000000010D0000DC7B7477EC3B3840ABB120E7FCC8A5F700026CC25FCA0000_2026-09-16,문영민,기술 1팀,[문영민] [컬피톡스]조직문화/리더십진단결과,작업,2026-09-16T10:00:00,2026-09-16T12:00:00,2.0,False,False,,Lead (KR),,#84cc16,문영민 수석,2026-09-08T20:58:28
221,000000005609BA61C8589946B4ED29DF554CD4C00700DC7B7477EC3B3840ABB120E7FCC8A5F700000000010D0000DC7B7477EC3B3840ABB120E7FCC8A5F700027164F7780000_2026-09-17,문영민,기술 1팀,[문영민] 상상상플러스 VPN교체,작업,2026-09-17T15:00:00,2026-09-17T19:00:00,4.0,False,False,,,,#84cc16,문영민 수석,2026-09-08T20:58:28
393,00000000B29B68A596B7094192C13F175F3657BE07004C0463598D4D7642B65554A09F79F6F300000000010D00004C0463598D4D7642B65554A09F79F6F300030F88767B0000_2026-10-09,이동우,기술 1팀,[이동우] IM뱅크 통신사 사용자 고도화 구축 프로젝트,작업,2026-10-09T09:00:00,2026-10-09T18:00:00,9.0,False,False,,,,#f97316,이동우 수석,2026-09-08T20:58:28
394,00000000B29B68A596B7094192C13F175F3657BE07004C0463598D4D7642B65554A09F79F6F300000000010D00004C0463598D4D7642B65554A09F79F6F300030F88767B0000_2026-10-12,이동우,기술 1팀,[이동우] IM뱅크 통신사 사용자 고도화 구축 프로젝트,작업,2026-10-12T09:00:00,2026-10-12T18:00:00,9.0,False,False,,,,#f97316,이동우 수석,2026-09-08T20:58:28
400,00000000B29B68A596B7094192C13F175F3657BE07004C0463598D4D7642B65554A09F79F6F300000000010D00004C0463598D4D7642B65554A09F79F6F300030F88767B0000_2026-10-20,이동우,기술 1팀,[이동우] IM뱅크 통신사 사용자 고도화 구축 프로젝트,작업,2026-10-20T09:00:00,2026-10-20T18:00:00,9.0,False,False,,,,#f97316,이동우 수석,2026-09-08T20:58:28
401,00000000B29B68A596B7094192C13F175F3657BE07004C0463598D4D7642B65554A09F79F6F300000000010D00004C0463598D4D7642B65554A09F79F6F300030F88767B0000_2026-10-21,이동우,기술 1팀,[이동우] IM뱅크 통신사 사용자 고도화 구축 프로젝트,작업,2026-10-21T09:00:00,2026-10-21T18:00:00,9.0,False,False,,,,#f97316,이동우 수석,2026-09-08T20:58:28
402,00000000B29B68A596B7094192C13F175F3657BE07004C0463598D4D7642B65554A09F79F6F300000000010D00004C0463598D4D7642B65554A09F79F6F300030F88767B0000_2026-10-22,이동우,기술 1팀,[이동우] IM뱅크 통신사 사용자 고도화 구축 프로젝트,작업,2026-10-22T09:00:00,2026-10-22T18:00:00,9.0,False,False,,,,#f97316,이동우 수석,2026-09-08T20:58:28
403,00000000B29B68A596B7094192C13F175F3657BE07004C0463598D4D7642B65554A09F79F6F300000000010D00004C0463598D4D7642B65554A09F79F6F300030F88767B0000_2026-10-23,이동우,기술 1팀,[이동우] IM뱅크 통신사 사용자 고도화 구축 프로젝트,작업,2026-10-23T09:00:00,2026-10-23T18:00:00,9.0,False,False,,,,#f97316,이동우 수석,2026-09-08T20:58:28
231,00000000184D60F922F5DB4485921AAEA0E04269070043E7E00F94E41B4BB73B4C4B4C6E4BE400000000010D000043E7E00F94E41B4BB73B4C4B4C6E4BE40000852D6AAA0000_2026-09-03,김시우,기술 1팀,[김시우] BGF 분당 정기점검서,작업,2026-09-03T00:00:00,2026-09-03T00:30:00,0.5,False,False,,,,#ec4899,김시우 사원,2026-09-08T20:58:39
222,000000005609BA61C8589946B4ED29DF554CD4C00700DC7B7477EC3B3840ABB120E7FCC8A5F700000000010D0000DC7B7477EC3B3840ABB120E7FCC8A5F7000269BABBD50000_2026-11-27,문영민,기술 1팀,[문영민] [팀장1on1]문영민 수석,회의,2026-11-27T13:30:00,2026-11-27T14:30:00,1.0,False,False,,,,#84cc16,문영민 수석,2026-09-08T20:58:28
382,00000000B29B68A596B7094192C13F175F3657BE07004C0463598D4D7642B65554A09F79F6F300000000010D00004C0463598D4D7642B65554A09F79F6F300030F88767B0000_2026-09-24,이동우,기술 1팀,[이동우] IM뱅크 통신사 사용자 고도화 구축 프로젝트,작업,2026-09-24T09:00:00,2026-09-24T18:00:00,9.0,False,False,,,,#f97316,이동우 수석,2026-09-08T20:58:28
388,00000000B29B68A596B7094192C13F175F3657BE07004C0463598D4D7642B65554A09F79F6F300000000010D00004C0463598D4D7642B65554A09F79F6F300030F88767B0000_2026-10-02,이동우,기술 1팀,[이동우] IM뱅크 통신사 사용자 고도화 구축 프로젝트,작업,2026-10-02T09:00:00,2026-10-02T18:00:00,9.0,False,False,,,,#f97316,이동우 수석,2026-09-08T20:58:28
389,00000000B29B68A596B7094192C13F175F3657BE07004C0463598D4D7642B65554A09F79F6F300000000010D00004C0463598D4D7642B65554A09F79F6F300030F88767B0000_2026-10-05,이동우,기술 1팀,[이동우] IM뱅크 통신사 사용자 고도화 구축 프로젝트,작업,2026-10-05T09:00:00,2026-10-05T18:00:00,9.0,False,False,,,,#f97316,이동우 수석,2026-09-08T20:58:28
390,00000000B29B68A596B7094192C13F175F3657BE07004C0463598D4D7642B65554A09F79F6F300000000010D00004C0463598D4D7642B65554A09F79F6F300030F88767B0000_2026-10-06,이동우,기술 1팀,[이동우] IM뱅크 통신사 사용자 고도화 구축 프로젝트,작업,2026-10-06T09:00:00,2026-10-06T18:00:00,9.0,False,False,,,,#f97316,이동우 수석,2026-09-08T20:58:28
391,00000000B29B68A596B7094192C13F175F3657BE07004C0463598D4D7642B65554A09F79F6F300000000010D00004C0463598D4D7642B65554A09F79F6F300030F88767B0000_2026-10-07,이동우,기술 1팀,[이동우] IM뱅크 통신사 사용자 고도화 구축 프로젝트,작업,2026-10-07T09:00:00,2026-10-07T18:00:00,9.0,False,False,,,,#f97316,이동우 수석,2026-09-08T20:58:28
406,00000000B29B68A596B7094192C13F175F3657BE07004C0463598D4D7642B65554A09F79F6F300000000010D00004C0463598D4D7642B65554A09F79F6F300030F88767B0000_2026-10-28,이동우,기술 1팀,[이동우] IM뱅크 통신사 사용자 고도화 구축 프로젝트,작업,2026-10-28T09:00:00,2026-10-28T18:00:00,9.0,False,False,,,,#f97316,이동우 수석,2026-09-08T20:58:28
407,00000000B29B68A596B7094192C13F175F3657BE07004C0463598D4D7642B65554A09F79F6F300000000010D00004C0463598D4D7642B65554A09F79F6F300030F88767B0000_2026-10-29,이동우,기술 1팀,[이동우] IM뱅크 통신사 사용자 고도화 구축 프로젝트,작업,2026-10-29T09:00:00,2026-10-29T18:00:00,9.0,False,False,,,,#f97316,이동우 수석,2026-09-08T20:58:28
408,00000000B29B68A596B7094192C13F175F3657BE07004C0463598D4D7642B65554A09F79F6F300000000010D00004C0463598D4D7642B65554A09F79F6F300030F88767B0000_2026-10-30,이동우,기술 1팀,[이동우] IM뱅크 통신사 사용자 고도화 구축 프로젝트,작업,2026-10-30T09:00:00,2026-10-30T18:00:00,9.0,False,False,,,,#f97316,이동우 수석,2026-09-08T20:58:28
409,00000000B29B68A596B7094192C13F175F3657BE07004C0463598D4D7642B65554A09F79F6F300000000010D00004C0463598D4D7642B65554A09F79F6F300030F88767B0000_2026-11-02,이동우,기술 1팀,[이동우] IM뱅크 통신사 사용자 고도화 구축 프로젝트,작업,2026-11-02T09:00:00,2026-11-02T18:00:00,9.0,False,False,,,,#f97316,이동우 수석,2026-09-08T20:58:28
410,00000000B29B68A596B7094192C13F175F3657BE07004C0463598D4D7642B65554A09F79F6F300000000010D00004C0463598D4D7642B65554A09F79F6F300030F88767B0000_2026-11-03,이동우,기술 1팀,[이동우] IM뱅크 통신사 사용자 고도화 구축 프로젝트,작업,2026-11-03T09:00:00,2026-11-03T18:00:00,9.0,False,False,,,,#f97316,이동우 수석,2026-09-08T20:58:28
404,00000000B29B68A596B7094192C13F175F3657BE07004C0463598D4D7642B65554A09F79F6F300000000010D00004C0463598D4D7642B65554A09F79F6F300030F88767B0000_2026-10-26,이동우,기술 1팀,[이동우] IM뱅크 통신사 사용자 고도화 구축 프로젝트,작업,2026-10-26T09:00:00,2026-10-26T18:00:00,9.0,False,False,,,,#f97316,이동우 수석,2026-09-08T20:58:28
412,00000000B29B68A596B7094192C13F175F3657BE07004C0463598D4D7642B65554A09F79F6F300000000010D00004C0463598D4D7642B65554A09F79F6F300030F88767B0000_2026-11-05,이동우,기술 1팀,[이동우] IM뱅크 통신사 사용자 고도화 구축 프로젝트,작업,2026-11-05T09:00:00,2026-11-05T18:00:00,9.0,False,False,,,,#f97316,이동우 수석,2026-09-08T20:58:28
413,00000000B29B68A596B7094192C13F175F3657BE07004C0463598D4D7642B65554A09F79F6F300000000010D00004C0463598D4D7642B65554A09F79F6F300030F88767B0000_2026-11-06,이동우,기술 1팀,[이동우] IM뱅크 통신사 사용자 고도화 구축 프로젝트,작업,2026-11-06T09:00:00,2026-11-06T18:00:00,9.0,False,False,,,,#f97316,이동우 수석,2026-09-08T20:58:29
419,00000000B29B68A596B7094192C13F175F3657BE07004C0463598D4D7642B65554A09F79F6F300000000010D00004C0463598D4D7642B65554A09F79F6F300030F88767B0000_2026-11-16,이동우,기술 1팀,[이동우] IM뱅크 통신사 사용자 고도화 구축 프로젝트,작업,2026-11-16T09:00:00,2026-11-16T18:00:00,9.0,False,False,,,,#f97316,이동우 수석,2026-09-08T20:58:29
420,00000000B29B68A596B7094192C13F175F3657BE07004C0463598D4D7642B65554A09F79F6F300000000010D00004C0463598D4D7642B65554A09F79F6F300030F88767B0000_2026-11-17,이동우,기술 1팀,[이동우] IM뱅크 통신사 사용자 고도화 구축 프로젝트,작업,2026-11-17T09:00:00,2026-11-17T18:00:00,9.0,False,False,,,,#f97316,이동우 수석,2026-09-08T20:58:29
421,00000000B29B68A596B7094192C13F175F3657BE07004C0463598D4D7642B65554A09F79F6F300000000010D00004C0463598D4D7642B65554A09F79F6F300030F88767B0000_2026-11-18,이동우,기술 1팀,[이동우] IM뱅크 통신사 사용자 고도화 구축 프로젝트,작업,2026-11-18T09:00:00,2026-11-18T18:00:00,9.0,False,False,,,,#f97316,이동우 수석,2026-09-08T20:58:29
422,00000000B29B68A596B7094192C13F175F3657BE07004C0463598D4D7642B65554A09F79F6F300000000010D00004C0463598D4D7642B65554A09F79F6F300030F88767B0000_2026-11-19,이동우,기술 1팀,[이동우] IM뱅크 통신사 사용자 고도화 구축 프로젝트,작업,2026-11-19T09:00:00,2026-11-19T18:00:00,9.0,False,False,,,,#f97316,이동우 수석,2026-09-08T20:58:29
426,00000000B29B68A596B7094192C13F175F3657BE07004C0463598D4D7642B65554A09F79F6F300000000010D00004C0463598D4D7642B65554A09F79F6F300030F88767B0000_2026-11-25,이동우,기술 1팀,[이동우] IM뱅크 통신사 사용자 고도화 구축 프로젝트,작업,2026-11-25T09:00:00,2026-11-25T18:00:00,9.0,False,False,,,,#f97316,이동우 수석,2026-09-08T20:58:29
365,00000000B29B68A596B7094192C13F175F3657BE07004C0463598D4D7642B65554A09F79F6F300000000010D00004C0463598D4D7642B65554A09F79F6F300030F88767B0000_2026-09-01,이동우,기술 1팀,[이동우] IM뱅크 통신사 사용자 고도화 구축 프로젝트,작업,2026-09-01T09:00:00,2026-09-01T18:00:00,9.0,False,False,,,,#f97316,이동우 수석,2026-09-08T20:58:28
366,00000000B29B68A596B7094192C13F175F3657BE07004C0463598D4D7642B65554A09F79F6F300000000010D00004C0463598D4D7642B65554A09F79F6F300030F88767B0000_2026-09-02,이동우,기술 1팀,[이동우] IM뱅크 통신사 사용자 고도화 구축 프로젝트,작업,2026-09-02T09:00:00,2026-09-02T18:00:00,9.0,False,False,,,,#f97316,이동우 수석,2026-09-08T20:58:28
367,00000000B29B68A596B7094192C13F175F3657BE07004C0463598D4D7642B65554A09F79F6F300000000010D00004C0463598D4D7642B65554A09F79F6F300030F88767B0000_2026-09-03,이동우,기술 1팀,[이동우] IM뱅크 통신사 사용자 고도화 구축 프로젝트,작업,2026-09-03T09:00:00,2026-09-03T18:00:00,9.0,False,False,,,,#f97316,이동우 수석,2026-09-08T20:58:28
368,00000000B29B68A596B7094192C13F175F3657BE07004C0463598D4D7642B65554A09F79F6F300000000010D00004C0463598D4D7642B65554A09F79F6F300030F88767B0000_2026-09-04,이동우,기술 1팀,[이동우] IM뱅크 통신사 사용자 고도화 구축 프로젝트,작업,2026-09-04T09:00:00,2026-09-04T18:00:00,9.0,False,False,,,,#f97316,이동우 수석,2026-09-08T20:58:28
369,00000000B29B68A596B7094192C13F175F3657BE07004C0463598D4D7642B65554A09F79F6F300000000010D00004C0463598D4D7642B65554A09F79F6F300030F88767B0000_2026-09-07,이동우,기술 1팀,[이동우] IM뱅크 통신사 사용자 고도화 구축 프로젝트,작업,2026-09-07T09:00:00,2026-09-07T18:00:00,9.0,False,False,,,,#f97316,이동우 수석,2026-09-08T20:58:28
379,00000000B29B68A596B7094192C13F175F3657BE07004C0463598D4D7642B65554A09F79F6F300000000010D00004C0463598D4D7642B65554A09F79F6F300030F88767B0000_2026-09-21,이동우,기술 1팀,[이동우] IM뱅크 통신사 사용자 고도화 구축 프로젝트,작업,2026-09-21T09:00:00,2026-09-21T18:00:00,9.0,False,False,,,,#f97316,이동우 수석,2026-09-08T20:58:28
380,00000000B29B68A596B7094192C13F175F3657BE07004C0463598D4D7642B65554A09F79F6F300000000010D00004C0463598D4D7642B65554A09F79F6F300030F88767B0000_2026-09-22,이동우,기술 1팀,[이동우] IM뱅크 통신사 사용자 고도화 구축 프로젝트,작업,2026-09-22T09:00:00,2026-09-22T18:00:00,9.0,False,False,,,,#f97316,이동우 수석,2026-09-08T20:58:28
15592,0000000046AE3B8CF217BB48AB1787D164113233070084E2EBEF47001445A84C32416021E1CA00000000010D000084E2EBEF47001445A84C32416021E1CA0002537DE8CE0000_2026-09-03,홍정표,기술 1팀,[홍정표] 금호석유 L2노후화 교체 (울산),작업,2026-09-03T15:00:00,2026-09-04T20:00:00,29.0,False,False,,,,#14b8a6,홍정표 과장,2026-09-08T20:58:29
15593,0000000046AE3B8CF217BB48AB1787D164113233070084E2EBEF47001445A84C32416021E1CA00000000010D000084E2EBEF47001445A84C32416021E1CA00025C7AC47D0000_2026-09-07,홍정표,기술 1팀,[홍정표] 수협은행 상주대체 근무,작업,2026-09-07T09:00:00,2026-09-10T18:00:00,81.0,False,False,,,,#14b8a6,홍정표 과장,2026-09-08T20:58:29
8635,0000000046AE3B8CF217BB48AB1787D164113233070084E2EBEF47001445A84C32416021E1CA00000000010D000084E2EBEF47001445A84C32416021E1CA00025688A97E0000_2026-09-15,홍정표,기술 1팀,[홍정표] 금호 피앤비 김포연구소 L2노후화 교체,작업,2026-09-15T09:00:00,2026-09-15T18:00:00,9.0,False,False,,,,#14b8a6,홍정표 과장,2026-09-08T20:58:29
8638,0000000046AE3B8CF217BB48AB1787D164113233070084E2EBEF47001445A84C32416021E1CA00000000010D000084E2EBEF47001445A84C32416021E1CA00025688A97C0000_2026-09-20,홍정표,기술 1팀,[홍정표] 신협중앙회 프로젝트 지원,작업,2026-09-20T07:00:00,2026-09-20T18:00:00,11.0,False,False,,,,#14b8a6,홍정표 과장,2026-09-08T20:58:29
15614,00000000184D60F922F5DB4485921AAEA0E04269070043E7E00F94E41B4BB73B4C4B4C6E4BE400000000010D000043E7E00F94E41B4BB73B4C4B4C6E4BE400004CE4B1720000_2026-09-08,김시우,기술 1팀,[김시우] 전파진흥협회 교육 - 실무자를 위한 네트워크 트러블슈팅 실습 중급 과정,교육,2026-09-08T09:00:00,2026-09-11T18:00:00,81.0,False,False,,,,#ec4899,김시우 사원,2026-09-08T20:58:39
237,00000000184D60F922F5DB4485921AAEA0E04269070043E7E00F94E41B4BB73B4C4B4C6E4BE400000000010D000043E7E00F94E41B4BB73B4C4B4C6E4BE4000045CB2A980000_2026-09-13,김시우,기술 1팀,[김시우] 네트워크 관리사 2급 실기,작업,2026-09-13T09:00:00,2026-09-13T11:00:00,2.0,False,False,,,,#ec4899,김시우 사원,2026-09-08T20:58:39
238,00000000184D60F922F5DB4485921AAEA0E04269070043E7E00F94E41B4BB73B4C4B4C6E4BE400000000010D000043E7E00F94E41B4BB73B4C4B4C6E4BE400008E1CF4A30000_2026-09-14,김시우,기술 1팀,[김시우] 1on 1,작업,2026-09-14T17:00:00,2026-09-14T17:30:00,0.5,False,False,,,,#ec4899,김시우 사원,2026-09-08T20:58:39
414,00000000B29B68A596B7094192C13F175F3657BE07004C0463598D4D7642B65554A09F79F6F300000000010D00004C0463598D4D7642B65554A09F79F6F300030F88767B0000_2026-11-09,이동우,기술 1팀,[이동우] IM뱅크 통신사 사용자 고도화 구축 프로젝트,작업,2026-11-09T09:00:00,2026-11-09T18:00:00,9.0,False,False,,,,#f97316,이동우 수석,2026-09-08T20:58:29
415,00000000B29B68A596B7094192C13F175F3657BE07004C0463598D4D7642B65554A09F79F6F300000000010D00004C0463598D4D7642B65554A09F79F6F300030F88767B0000_2026-11-10,이동우,기술 1팀,[이동우] IM뱅크 통신사 사용자 고도화 구축 프로젝트,작업,2026-11-10T09:00:00,2026-11-10T18:00:00,9.0,False,False,,,,#f97316,이동우 수석,2026-09-08T20:58:29
416,00000000B29B68A596B7094192C13F175F3657BE07004C0463598D4D7642B65554A09F79F6F300000000010D00004C0463598D4D7642B65554A09F79F6F300030F88767B0000_2026-11-11,이동우,기술 1팀,[이동우] IM뱅크 통신사 사용자 고도화 구축 프로젝트,작업,2026-11-11T09:00:00,2026-11-11T18:00:00,9.0,False,False,,,,#f97316,이동우 수석,2026-09-08T20:58:29
417,00000000B29B68A596B7094192C13F175F3657BE07004C0463598D4D7642B65554A09F79F6F300000000010D00004C0463598D4D7642B65554A09F79F6F300030F88767B0000_2026-11-12,이동우,기술 1팀,[이동우] IM뱅크 통신사 사용자 고도화 구축 프로젝트,작업,2026-11-12T09:00:00,2026-11-12T18:00:00,9.0,False,False,,,,#f97316,이동우 수석,2026-09-08T20:58:29
418,00000000B29B68A596B7094192C13F175F3657BE07004C0463598D4D7642B65554A09F79F6F300000000010D00004C0463598D4D7642B65554A09F79F6F300030F88767B0000_2026-11-13,이동우,기술 1팀,[이동우] IM뱅크 통신사 사용자 고도화 구축 프로젝트,작업,2026-11-13T09:00:00,2026-11-13T18:00:00,9.0,False,False,,,,#f97316,이동우 수석,2026-09-08T20:58:29
428,00000000B29B68A596B7094192C13F175F3657BE07004C0463598D4D7642B65554A09F79F6F300000000010D00004C0463598D4D7642B65554A09F79F6F300030F88767B0000_2026-11-27,이동우,기술 1팀,[이동우] IM뱅크 통신사 사용자 고도화 구축 프로젝트,작업,2026-11-27T09:00:00,2026-11-27T18:00:00,9.0,False,False,,,,#f97316,이동우 수석,2026-09-08T20:58:29
429,00000000B29B68A596B7094192C13F175F3657BE07004C0463598D4D7642B65554A09F79F6F300000000010D00004C0463598D4D7642B65554A09F79F6F300030F88767B0000_2026-11-30,이동우,기술 1팀,[이동우] IM뱅크 통신사 사용자 고도화 구축 프로젝트,작업,2026-11-30T09:00:00,2026-11-30T18:00:00,9.0,False,False,,,,#f97316,이동우 수석,2026-09-08T20:58:29
8633,0000000046AE3B8CF217BB48AB1787D164113233070084E2EBEF47001445A84C32416021E1CA00000000010D000084E2EBEF47001445A84C32416021E1CA00025CBF29F70000_2026-09-09,홍정표,기술 1팀,[홍정표] Arista Korea Channel Update for 2H'26,작업,2026-09-09T14:00:00,2026-09-09T15:00:00,1.0,False,False,,https://arista.zoom.us/w/93822925686?tk=B0wy1QaHeDz_gdLL-QOtTQKkwpomDquyUZez1DTfATc.DQkAAAAV2Eg7dhZqemtuTmIyUFJSR1dHcHFoRVVGS3N3AAAAAAAAAAAAAAAAAAAAAAAAAAAAAAAAAAAAAAAAAAA&uuid=WN_vDwOTleYTdKL0qhaNCpQsQ,,#14b8a6,홍정표 과장,2026-09-08T20:58:29
8634,0000000046AE3B8CF217BB48AB1787D164113233070084E2EBEF47001445A84C32416021E1CA00000000010D000084E2EBEF47001445A84C32416021E1CA00025688A97D0000_2026-09-11,홍정표,기술 1팀,[홍정표] 금호 피앤비 김포연구소 사전작업,작업,2026-09-11T09:00:00,2026-09-11T16:00:00,7.0,False,False,,,,#14b8a6,홍정표 과장,2026-09-08T20:58:29
8636,0000000046AE3B8CF217BB48AB1787D164113233070084E2EBEF47001445A84C32416021E1CA00000000010D000084E2EBEF47001445A84C32416021E1CA00025F7F61AB0000_2026-09-16,홍정표,기술 1팀,[홍정표] 신한DS AISP 정기점검,작업,2026-09-16T09:00:00,2026-09-16T14:00:00,5.0,False,False,,,,#14b8a6,홍정표 과장,2026-09-08T20:58:29
8637,0000000046AE3B8CF217BB48AB1787D164113233070084E2EBEF47001445A84C32416021E1CA00000000010D000084E2EBEF47001445A84C32416021E1CA00025A1DDF480000_2026-09-17,홍정표,기술 1팀,[홍정표] 금호석유화학 본사 점검,작업,2026-09-17T09:00:00,2026-09-17T09:30:00,0.5,False,False,,,,#14b8a6,홍정표 과장,2026-09-08T20:58:29
15146,000000000BA14A86B88305448A5DDEEF8CDA5A8907008B79CE5ADA490B43AAFD8BE405ABD6A700000000010D00008B79CE5ADA490B43AAFD8BE405ABD6A700002ACB2F6F0000_2026-09-01,김형일,기술 1팀,[김형일] iM뱅크 프로젝트 지원,작업,2026-09-01T09:00:00,2026-09-01T18:00:00,9.0,True,False,,,,#06b6d4,김형일 수석,2026-09-08T20:58:32
15147,000000000BA14A86B88305448A5DDEEF8CDA5A8907008B79CE5ADA490B43AAFD8BE405ABD6A700000000010D00008B79CE5ADA490B43AAFD8BE405ABD6A700002ACB2F6F0000_2026-09-02,김형일,기술 1팀,[김형일] iM뱅크 프로젝트 지원,작업,2026-09-02T09:00:00,2026-09-02T18:00:00,9.0,True,False,,,,#06b6d4,김형일 수석,2026-09-08T20:58:32
15148,000000000BA14A86B88305448A5DDEEF8CDA5A8907008B79CE5ADA490B43AAFD8BE405ABD6A700000000010D00008B79CE5ADA490B43AAFD8BE405ABD6A700002ACB2F730000_2026-09-03,김형일,기술 1팀,[김형일] 올릭스 무선 현황 조사,작업,2026-09-03T09:00:00,2026-09-03T18:00:00,9.0,True,False,,,,#06b6d4,김형일 수석,2026-09-08T20:58:32
15149,000000000BA14A86B88305448A5DDEEF8CDA5A8907008B79CE5ADA490B43AAFD8BE405ABD6A700000000010D00008B79CE5ADA490B43AAFD8BE405ABD6A700002ACB2F710000_2026-09-09,김형일,기술 1팀,[김형일] 올릭스 ISP 이중화 회선 작업,작업,2026-09-09T16:00:00,2026-09-09T21:00:00,5.0,False,False,,,,#06b6d4,김형일 수석,2026-09-08T20:58:32
232,00000000184D60F922F5DB4485921AAEA0E04269070043E7E00F94E41B4BB73B4C4B4C6E4BE400000000010D000043E7E00F94E41B4BB73B4C4B4C6E4BE40000852D6AAC0000_2026-09-04,김시우,기술 1팀,[김시우] 수협은행 상주지원,작업,2026-09-04T09:00:00,2026-09-04T18:00:00,9.0,False,False,,,,#ec4899,김시우 사원,2026-09-08T20:58:39
233,00000000184D60F922F5DB4485921AAEA0E04269070043E7E00F94E41B4BB73B4C4B4C6E4BE400000000010D000043E7E00F94E41B4BB73B4C4B4C6E4BE400007B5524AE0000_2026-09-07,김시우,기술 1팀,[김시우] 연차,휴가,2026-09-07T11:00:00,2026-09-07T12:00:00,1.0,False,True,연차,,,#ec4899,김시우 사원,2026-09-08T20:58:39
235,00000000184D60F922F5DB4485921AAEA0E04269070043E7E00F94E41B4BB73B4C4B4C6E4BE400000000010D000043E7E00F94E41B4BB73B4C4B4C6E4BE4000089690FDF0000_2026-09-09,김시우,기술 1팀,[김시우] Arista Korea Channel Update for 2H'26,작업,2026-09-09T14:00:00,2026-09-09T15:00:00,1.0,False,False,,https://arista.zoom.us/w/93822925686?tk=BKnkHJ2e-2thYK9-CvUTpGupBdX6blmnl6JlxfjHEyE.DQkAAAAV2Eg7dhZBbTJXMUo3UVNLeXBXM0lSbWtlTVlnAAAAAAAAAAAAAAAAAAAAAAAAAAAAAAAAAAAAAAAAAAA&uuid=WN_vDwOTleYTdKL0qhaNCpQsQ,,#ec4899,김시우 사원,2026-09-08T20:58:39
236,00000000184D60F922F5DB4485921AAEA0E04269070043E7E00F94E41B4BB73B4C4B4C6E4BE400000000010D000043E7E00F94E41B4BB73B4C4B4C6E4BE4000089690FDD0000_2026-09-11,김시우,기술 1팀,[김시우] SC증권 방화벽 작업,작업,2026-09-11T19:00:00,2026-09-11T21:00:00,2.0,False,False,,,,#ec4899,김시우 사원,2026-09-08T20:58:39
423,00000000B29B68A596B7094192C13F175F3657BE07004C0463598D4D7642B65554A09F79F6F300000000010D00004C0463598D4D7642B65554A09F79F6F300030F88767B0000_2026-11-20,이동우,기술 1팀,[이동우] IM뱅크 통신사 사용자 고도화 구축 프로젝트,작업,2026-11-20T09:00:00,2026-11-20T18:00:00,9.0,False,False,,,,#f97316,이동우 수석,2026-09-08T20:58:29
424,00000000B29B68A596B7094192C13F175F3657BE07004C0463598D4D7642B65554A09F79F6F300000000010D00004C0463598D4D7642B65554A09F79F6F300030F88767B0000_2026-11-23,이동우,기술 1팀,[이동우] IM뱅크 통신사 사용자 고도화 구축 프로젝트,작업,2026-11-23T09:00:00,2026-11-23T18:00:00,9.0,False,False,,,,#f97316,이동우 수석,2026-09-08T20:58:29
425,00000000B29B68A596B7094192C13F175F3657BE07004C0463598D4D7642B65554A09F79F6F300000000010D00004C0463598D4D7642B65554A09F79F6F300030F88767B0000_2026-11-24,이동우,기술 1팀,[이동우] IM뱅크 통신사 사용자 고도화 구축 프로젝트,작업,2026-11-24T09:00:00,2026-11-24T18:00:00,9.0,False,False,,,,#f97316,이동우 수석,2026-09-08T20:58:29
224,00000000401F064781E7D0429ABC61370CF2EE64070046E86F6FD77C214BAA15E2D6EAA1290E00000000010D000046E86F6FD77C214BAA15E2D6EAA1290E000119ADFB410000_2026-09-02,전종필,기술 1팀,[전종필] 딜로이트 AP 실사 0930,작업,2026-09-02T09:00:00,2026-09-02T18:00:00,9.0,True,False,,,,#eab308,전종필 대리,2026-09-08T20:58:29
225,00000000401F064781E7D0429ABC61370CF2EE64070046E86F6FD77C214BAA15E2D6EAA1290E00000000010D000046E86F6FD77C214BAA15E2D6EAA1290E000119ADFB3F0000_2026-09-02,전종필,기술 1팀,[전종필] BGF리테일 목동 점검 1400,작업,2026-09-02T09:00:00,2026-09-02T18:00:00,9.0,True,False,,,,#eab308,전종필 대리,2026-09-08T20:58:29
226,00000000401F064781E7D0429ABC61370CF2EE64070046E86F6FD77C214BAA15E2D6EAA1290E00000000010D000046E86F6FD77C214BAA15E2D6EAA1290E000119ADFB400000_2026-09-03,전종필,기술 1팀,[전종필] 수협은행 상주지원,작업,2026-09-03T09:00:00,2026-09-03T18:00:00,9.0,True,False,,,,#eab308,전종필 대리,2026-09-08T20:58:29
227,00000000401F064781E7D0429ABC61370CF2EE64070046E86F6FD77C214BAA15E2D6EAA1290E00000000010D000046E86F6FD77C214BAA15E2D6EAA1290E00011E224EFC0000_2026-09-09,전종필,기술 1팀,[전종필] BGF리테일 선릉 점검,작업,2026-09-09T09:00:00,2026-09-09T18:00:00,9.0,True,False,,,,#eab308,전종필 대리,2026-09-08T20:58:29
228,00000000401F064781E7D0429ABC61370CF2EE64070046E86F6FD77C214BAA15E2D6EAA1290E00000000010D000046E86F6FD77C214BAA15E2D6EAA1290E00011E224EFD0000_2026-09-11,전종필,기술 1팀,[전종필] 수협상주지원,작업,2026-09-11T09:00:00,2026-09-11T18:00:00,9.0,True,False,,,,#eab308,전종필 대리,2026-09-08T20:58:29
229,00000000401F064781E7D0429ABC61370CF2EE64070046E86F6FD77C214BAA15E2D6EAA1290E00000000010D000046E86F6FD77C214BAA15E2D6EAA1290E00011E224EFE0000_2026-09-17,전종필,기술 1팀,[전종필] 딜로이트 정기점검,작업,2026-09-17T09:00:00,2026-09-17T18:00:00,9.0,True,False,,,,#eab308,전종필 대리,2026-09-08T20:58:29
230,00000000184D60F922F5DB4485921AAEA0E04269070043E7E00F94E41B4BB73B4C4B4C6E4BE400000000010D000043E7E00F94E41B4BB73B4C4B4C6E4BE40000852D6AA90000_2026-09-02,김시우,기술 1팀,[김시우] BGF 목동 정기점검,작업,2026-09-02T14:00:00,2026-09-02T18:00:00,4.0,False,False,,,,#ec4899,김시우 사원,2026-09-08T20:58:39
11815,00000000184D60F922F5DB4485921AAEA0E04269070043E7E00F94E41B4BB73B4C4B4C6E4BE400000000010D000043E7E00F94E41B4BB73B4C4B4C6E4BE400008E1CF4A40000_2026-09-17,김시우,기술 1팀,[김시우] BGF리테일 OS 업그레이드,작업,2026-09-17T00:00:00,2026-09-17T00:30:00,0.5,False,False,,,,#ec4899,김시우 사원,2026-09-08T20:58:39
239,00000000184D60F922F5DB4485921AAEA0E04269070043E7E00F94E41B4BB73B4C4B4C6E4BE400000000010D000043E7E00F94E41B4BB73B4C4B4C6E4BE4000089690FDC0000_2026-09-18,김시우,기술 1팀,[김시우] 사원대리간담회,작업,2026-09-18T00:00:00,2026-09-18T00:30:00,0.5,False,False,,,,#ec4899,김시우 사원,2026-09-08T20:58:39
242,00000000184D60F922F5DB4485921AAEA0E04269070043E7E00F94E41B4BB73B4C4B4C6E4BE400000000010D000043E7E00F94E41B4BB73B4C4B4C6E4BE4000082256B570000_2026-10-21,김시우,기술 1팀,[김시우] XFN 미팅,회의,2026-10-21T09:00:00,2026-10-21T09:30:00,0.5,False,False,,,,#ec4899,김시우 사원,2026-09-08T20:58:40
240,00000000184D60F922F5DB4485921AAEA0E04269070043E7E00F94E41B4BB73B4C4B4C6E4BE400000000010D000043E7E00F94E41B4BB73B4C4B4C6E4BE4000082256B560000_2026-09-29,김시우,기술 1팀,[김시우] XFN 미팅,회의,2026-09-29T09:00:00,2026-09-29T09:30:00,0.5,False,False,,,,#ec4899,김시우 사원,2026-09-08T20:58:40
15622,00000000184D60F922F5DB4485921AAEA0E04269070043E7E00F94E41B4BB73B4C4B4C6E4BE400000000010D000043E7E00F94E41B4BB73B4C4B4C6E4BE4000089690FDE0000_2026-10-19,김시우,기술 1팀,[김시우] 연차 사용 예정,휴가,2026-10-19T00:00:00,2026-10-20T23:30:00,47.5,False,True,연차,,,#ec4899,김시우 사원,2026-09-08T20:58:40
